unitedairconditioning.com, United States, Florida, None, 33773, South Belcher Road, 13150
cebroker.com, United States, Colorado, Boulder, 80306, Spruce Street, 2400
moline.com, United States, Massachusetts, Quincy, 02170, South Central Avenue, 114
inetmotors.com, United States, Texas, None, 75234, Villa Creek Drive, 2695
smallgirlspr.com, United States, California, Los Angeles, 90039, Casitas Avenue, 3268
www.itonics-innovation.com, South Africa, Western Cape, Cape Town, 8001, Kloof Street, 32
www.centerlinelogistics.com, United States, Washington, Seattle, 98126, Southwest Spokane Street, None
www.horizonconvention.com, United States, Pennsylvania, None, 19382, South High Street, 401
www.perryridgelandfill.com, United States, Illinois, None, 62832, Sacred Heart Road, 6305
adgcreative.net, United States, Maryland, Columbia, 21046, Columbia Gateway Drive, 7151
milnecraig.co.uk, United Kingdom, Alba / Scotland, None, PA3 4DA, Renfrew Road, 79
rbvc.com, 中国, 上海市, 长宁区, 200335, 福泉北路, 333
bopatelectric.com, United Kingdom, England, London, SW9 0FQ, Rumsey Road, None
teladata.com, United States, California, Fremont, 94536, Civic Center Drive, 39300
vbclink.com, United States, South Dakota, Sioux Falls, 57106, South Westlake Drive, None
shiresequestrian.com, United Kingdom, England, Reigate and Banstead, RH1 5DE, Southern Avenue, 15
pchandy.net, United States, Ohio, Cleveland, 44120, Larchmere Boulevard, 12702
www.cgoecology.com, United States, New York, None, 12563, Fairfield Drive, 19
mirabellabeautysalon.co.uk, United Kingdom, England, Chelmsford, CM2 0LD, Moulsham Street, 154
uniquelibrary.com, United States, New York, None, 11580, East Maple Street, 119
embcmonroe.org, France, Auvergne-Rhône-Alpes, None, 01170, Rue Saint-Maurice, 503
www.lenzieunion.org, United Kingdom, Alba / Scotland, None, G64 2LS, Kirkintilloch Road, None
optimumcarehomecare.com, United States, Virginia, None, 22025, Fettler Park Drive, 3683
www.bopatelectric.com, United Kingdom, England, London, SW9 0FQ, Rumsey Road, None
tripeek.com, New Zealand / Aotearoa, Wellington, Lower Hutt, 5040, Waterloo Road, 51
trifectamedspanyc.com, United States, New York, City of New York, 10019, West 57th Street, 200
salisburycitycouncil.gov.uk, United States, Ohio, Athens, 45780, Pinewood Way, None
postermuseum.com, United States, New York, City of New York, 10007, Chambers Street, 122
seedsourceag.com, United States, Massachusetts, None, 02368, Chiefs Way, None
embracemt.com, United States, Pennsylvania, Bristol Township, 19055, Junewood Drive, 200
www.airspaceconsulting.com, United States, California, Carlsbad, 92011, Palomar Airport Road, 2100
frclothingandsupply.com, United States, Colorado, None, 80620, Justin Avenue, 340
www.dillonmusic.com, United States, Florida, Daytona Beach, 32114, Fulton Street, 325
srgtalent.com, Australia, Queensland, Brisbane City, 4054, Marble Street, 17
fiba.net, United States, Florida, Miami, 33130, Southwest 8th Street, 80
merrickgroupinc.com, United States, Pennsylvania, None, 18202, Unico Drive, 100
www.tcors.com, United Kingdom, England, London, RM10 9HL, Broad Street, 43
tacticalmuscle.com, United States, Texas, Garland, 75041, West Centerville Road, 1015
tokyoto-luggage.com, United States, New York, None, 13416, Old City Road, 160
ossininglibrary.org, Canada, Ontario, None, N4B 3B3, Croton Avenue, 53
standardgroup.co.uk, United Kingdom, England, None, SN3 3HT, Garrard Way, None
fgenergy.com, United States, Hawaii, Honolulu, 96826, South Beretania Street, 2222
christsmission.org, United States, Illinois, None, 60442, South Cedar Road, 22811
crossfitrockland.com, United States, New York, None, 10994, South Greenbush Road, 17
fairmans.com, United States, Pennsylvania, None, 19380, West Gay Street, 43
mattressplus.tv, United States, Louisiana, Shreveport, 71105, Youree Drive, 3964
sacredspacemiami.com, United States, Florida, Miami, 33137, Northeast 24th Street, 105
balconyshirts.co.uk, Canada, Ontario, Guelph, N1E 1H2, Windsor Street, 52
blog.itpro.tv, United States, Florida, None, 32607, Northwest 4th Boulevard, 7525
bootleggerlasvegas.com, United States, Nevada, None, 89123, South Las Vegas Boulevard, 7700
ncc.us, United States, Georgia, None, 30030, Commerce Drive, 815
colts.com, United States, Indiana, Indianapolis, 46254, West 56th Street, 7001
optionschelmsford.com, United Kingdom, England, Chelmsford, CM1 1SY, Broomfield Road, 43
ebrattridge.com, United States, North Carolina, None, 28786, Chancery Lane, 209
themartialartscentre.com, United States, North Carolina, Charlotte, 28126, Chilford Court, None
manudyn.com, United States, New York, None, 10543, Mamaroneck Avenue, 875
www.boccarossainsurance.com, United States, Connecticut, None, 06460, Bridgeport Avenue, 220
elchicanomusic.com, United States, New York, City of New York, 11237, Harrison Place, 200
cjmcbride.org, United States, Arkansas, None, 72736, North Mount Olive Road, 17644
www.heritageportfolio.co.uk, United Kingdom, Alba / Scotland, City of Edinburgh, EH6 4HL, North Fort Street, None
salvometalworks.com, United States, Ohio, Columbus, 43201, West 5th Avenue, 566
tbscg.com, United States, New Jersey, None, 08087, North Green Street, 220
masterrenovationsinc.com, United States, Ohio, None, 44667, East Old Lincoln Way, 10718
ad-west.com, United States, Washington, Bellevue, 98004, 108th Avenue Northeast, 500
lamprinostv.com, United States, Vermont, None, 05701, Old Turnpike Road, 2629
andersrice.com, United States, Wisconsin, None, 54457, Patton Avenue, 1428
www.sardisbaptist.com, United States, North Carolina, None, 28079, Unionville Indian Trail Road West, 3602
westcoastseafood.com, United States, California, Simi Valley, 93063, East Los Angeles Avenue, 2814
sterlingridingacademy.com, United States, New York, None, 13656, County Road 3, 22444
crownpaintinginc.com, United States, Pennsylvania, Chestnuthill Township, 18330, Galaxy Way, 641
eggarforresterinsurance.com, United Kingdom, England, Leeds, LS1 5HR, Upper Basinghall Street, 40
toolsgroup.com, United Kingdom, England, London, W1W 6BP, Langham Street, 19
habeggercorp.com, United States, Ohio, None, 45241, Enterprise Park Drive, 11413
bcn.co.uk, United Kingdom, England, Manchester, SK8 3UA, Styal Road, None
switcheyecenter.com, United States, New York, None, 14067, Telegraph Road, 8950
kindlersgemjewelers.com, United States, Texas, Waco, 76711, Marketplace Drive, 2816
thermometersdirect.co.uk, United States, Connecticut, None, 06611, Hawley Lane, 108
airstreamlosangeles.com, United States, California, None, 91776, East Las Tunas Drive, 1212
dizzysquirrel.com, United Kingdom, England, Harborough, LE17 4NU, Dunley Way, None
erling.com, United States, Texas, New Braunfels, 78130, Benelli Drive, 225
www.henshaw.uk.com, United Kingdom, Alba / Scotland, Glasgow, G2 7EL, Bothwell Street, 177
dukesbrewandque.com, United Kingdom, England, Ely, CB6 1AQ, Downham Road, 33
fcllp.com, United States, New York, City of New York, 10035, Lexington Avenue, 570
billproctorandassociates.com, United States, Michigan, None, 48304, South Boulevard, 2050
roensalvage.com, United States, Wisconsin, None, 54235, East Redwood Street, 180
www.hscpoly.com, United States, Michigan, None, 48623, Geddes Road, 12334
edias.com, United States, Arizona, Scottsdale, 85259, East Desert Cove Avenue, 12247
www.bishop-gmbh.com, United States, Alabama, Mobile, 36608, North University Boulevard, 775
www.henges.com, United States, Minnesota, None, 55422, Shoreline Drive, 4133
vcut.co.uk, United Kingdom, England, London, EC1M 5SY, Turnmill Street, 75A
boccarossainsurance.com, United States, Connecticut, None, 06460, Bridgeport Avenue, 220
www.billproctorandassociates.com, United States, Michigan, None, 48304, South Boulevard, 2050
stationcars.co.uk, United Kingdom, England, London, SW17 7TW, Upper Tooting Road, 100
suralink.com, United States, Massachusetts, Lowell, 01852, Exchange Place, 10
henshaw.uk.com, United Kingdom, Alba / Scotland, Glasgow, G2 7EL, Bothwell Street, 177
www.poulsbofamilydentistry.com, United States, Washington, None, 98370, Powder Hill Place Northeast, 19255
seniorvillagerehab.com, United States, Louisiana, None, 70570, Harry Guilbeau Road, 315
cbssquaredinc.com, Canada, Ontario, Tay, L0K 1R0, First Avenue, 615
gokeyless.com, United States, Missouri, None, 65441, Mound Road, 955
devact.com, United States, North Carolina, Charlotte, 28207, Queens Road, 438
www.allawayacoustics.co.uk, United Kingdom, England, East Suffolk, IP11 0YF, Howlett Way, None
www.uptempo.io, Canada, British Columbia, Vancouver, V6G 2V3, West Georgia Street, 1575
www.fisu.org, United Kingdom, England, London, E7 8EY, Marlborough Road, 58
www.allenvillagejewelers.com, United States, Texas, Allen, 75002, East Stacy Road, 190
www.usmrc.org, United States, Rhode Island, None, 02842, Aquidneck Avenue, 344
priorandwillisantiques.co.uk, United States, Kentucky, None, 42503, Old Salts Road, 47
www.atlasuhv.com, United States, Washington, None, 98368, Glen Cove Road, 305
trinityairmedical.com, United States, Arizona, Tempe, 85284, West Auto Drive, 1437
whitecliffsvets.co.uk, United Kingdom, England, Canterbury, CT1 3BH, New Dover Road, 34
southamptoncruisecentre.com, Canada, Ontario, Old Toronto, M4L 1Y9, Highfield Road, 298
www.quinyx.com, Australia, None, None, 2602, Northbourne Avenue, 490
thundermountainharley.com, United States, Kentucky, None, 40820, Harley Davidson Road, None
meditatingentrepreneur.com, United States, New York, None, 13032, North Court Street, 110
westbrosinc.com, United States, Michigan, None, 49783, South Riverside Drive, 4740
reshapelifesciences.com, United States, California, Irvine, 92618, Technology Drive, 18
www.optionschelmsford.com, United Kingdom, England, Chelmsford, CM1 1SY, Broomfield Road, 43
florestaurant.com, United States, Michigan, None, 49080, 106th Avenue, 1150
magnummobilesv.com, United States, Arizona, Phoenix, 85027, North 19th Avenue, 23225
sprucemountaininn.com, United States, Vermont, None, 05667, Towne Avenue, 155
peachymondays.com, United Kingdom, Alba / Scotland, City of Edinburgh, EH12 5HD, Haymarket Terrace, 65
ashleymilton.com, United States, California, Lodi, 95240, Elgin Avenue, 290
gipreit.com, United States, Texas, None, 78611, East Jackson Street, 401
bcpas.com, United States, Kentucky, Louisville, 40203, East College Street, 308
www.themartialartscentre.com, United States, North Carolina, Charlotte, 28126, Chilford Court, None
allenvillagejewelers.com, United States, Texas, Allen, 75002, East Stacy Road, 190
www.miketibbatts.co.uk, Australia, Victoria, Melbourne, 3808, St Georges Road, 36
pinehills.com, United Kingdom, England, Sheffield, S8 8AD, Summerhouse Drive, 33
cloud2.co.uk, United Kingdom, England, Manchester, SK8 3UA, Styal Road, None
embcmonroe.org, United States, North Carolina, Monroe, 28112, Maurice Street, 503
www.360t.com, Canada, Ontario, Tay, L0K 1R0, Fifth Avenue, 521
www.kapitalelectric.com, United States, Illinois, None, 60090, North Milwaukee Avenue, 601
dmaa.net, United States, California, None, 90023, Telegraph Road, None
bridge.legal, United States, Washington, Seattle, 98121, Lenora Street, 300
mid-america.com, United States, Texas, Houston, 77017, Broadway Street, 2500
casaallegra.org, United States, Tennessee, None, 38555, Mitchell Boulevard, 35
kaleabay.com, United States, Florida, None, 34110, Old Coast Road, 13910
www.boyleinsures.com, United States, Maryland, Bel Air, 21015, Churchville Road, None
allawayacoustics.co.uk, United Kingdom, England, East Suffolk, IP11 0YF, Howlett Way, None
vahcbsa.org, United States, Alabama, None, 36907, Greenville Avenue, 617
www.purplefizz.co.uk, United States, New York, None, 11961, Watermill Way, 73
www.hennejewelers.com, United States, California, Oakland, 94615, Walnut Street, 5501
jbrcapital.com, United States, Virginia, Portsmouth, 23702, Finchley Road, 773
greatstatetransmissions.com, United States, Texas, Corpus Christi, 78415, South Padre Island Drive, 3487
wisr.edu, United States, California, Berkeley, 94707, San Pedro Avenue, 1812;1820
crossroadsretreat.org, United States, Maine, None, 04418, Cross Road, 255
drdansiegel.com, United States, Louisiana, New Orleans, 70130, Second Street, 1137
mvfglobal.com, United States, Texas, Austin, 78704, South Congress Avenue, 220
parry-insurance.com, United States, South Carolina, None, 29303, Corporate Drive, 107
parkwaytoyota.com, United States, Connecticut, None, 06085, Sylvan Avenue, 50
violenceinterventionprogram.org, United States, California, Los Angeles, 90031, Griffin Avenue, 1721
greenwave.us.com, United States, California, West Covina, 91791, South Azusa Avenue, 895
johanningsinc.com, United States, Ohio, None, 44641, Trojan Street Northeast, 5945
tristatecontainer.com, United States, Minnesota, None, 55422, Bridgewater Road, 1440
dillonmusic.com, United States, Florida, Daytona Beach, 32114, Fulton Street, 325
www.desynit.com, United Kingdom, Alba / Scotland, City of Edinburgh, EH6 6BL, Queen Charlotte Street, 30
www.knds.de, United States, Virginia, Lynchburg, 24502, Millrace Drive, 30
cincinnatifleetcare.com, United States, Ohio, None, 45246, Commerce Park Drive, 10000
zumajay.co.uk, United Kingdom, England, None, EX23 8BR, Belle Vue Lane, 20
www.ekeepersystems.com, United States, Indiana, None, 47396, West Kilgore Avenue, 7701
www.moline.com, United States, Massachusetts, Quincy, 02170, South Central Avenue, 114
coregearusa.com, United States, California, Riverside, 92518, Alessandro Boulevard, None
cabwhp.org, United States, California, Inglewood, 90304, South La Cienega Boulevard, 9800
www.liberis.com, United Kingdom, England, City of Nottingham, NG1 5FW, Wollaton Street, 45
safebasementsinc.com, United States, Minnesota, None, 56362, Minnie Street, 28272
tcors.com, United Kingdom, England, London, RM10 9HL, Broad Street, 43
www.reshapelifesciences.com, United States, California, Irvine, 92618, Technology Drive, 18
nationalforests.org, United States, Montana, Missoula, 59801, Fort Missoula Road, None
shadowhills.org, United States, Nevada, Las Vegas, 89128, Vegas Drive, 7811
purplefizz.co.uk, United States, New York, None, 11961, Watermill Way, 73
photoartsmarin.com, United States, California, San Rafael, 94901, De Luca Place, 47
terraliftinternational.com, United States, New York, None, 11937, Valley Street, 10
www.treehill.org, United States, Florida, Jacksonville, 32211, Lone Star Road, 7152
boyleinsures.com, United States, Maryland, Bel Air, 21015, Churchville Road, None
mvfglobal.com, United States, Texas, Austin, 78704, Barton Springs Road, 801
specialtybolt.com, United States, Massachusetts, None, 01001, Bowles Road, 235
www.bossdriving.co.uk, United Kingdom, England, Leeds, LS18 4BD, King Edward Avenue, 66
www.roensalvage.com, United States, Wisconsin, None, 54235, East Redwood Street, 180
thompsonbrothers.net, United States, New York, None, 11003, Wellington Road, 111
atlanticbeach-nc.com, United States, North Carolina, None, 28512, West Fort Macon Road, None
turntablelab.com, United States, New York, City of New York, 11205, Flushing Avenue, 63
andymagro.com, United States, California, Los Angeles, 90029, Santa Monica Boulevard, 4150
mathews.co.uk, United Kingdom, England, Exeter, EX2 8QG, Trusham Road, None
hennejewelers.com, United States, California, Oakland, 94615, Walnut Street, 5501
ratio.co.uk, United Kingdom, England, None, CO7 0NB, Albert Road, 18
northernirelandscreen.co.uk, Australia, Victoria, Melbourne, 3068, Alfred Street, 21
sczc.org, United States, Massachusetts, Somerville, 02143, School Street, 113
creative-earthscapes.com, Canada, Nova Scotia, None, None, Morrison Road, 376
www.firstrecruitmentgroup.com, Australia, Western Australia, Perth, 6000, St Georges Terrace, 77
ayalaboring.com, United States, California, Fontana, 92335, Poplar Avenue, 10150
watts1874.co.uk, South Africa, Western Cape, Cape Town, 7925, Baker Street, 30
stmindustries.com, United States, Florida, None, 33624, North Trask Street, 9524
coxreels.com, United States, Arizona, Tempe, 85283, South Ash Avenue, 5865
beemlaw.com, United States, Illinois, Peoria, 61615, North Wacker Drive, None
wesleyhousing.org, United States, Virginia, None, 22303, Huntington Avenue, 2311
wheelalignmenttorrance.com, United States, California, Los Angeles, 90501, Sepulveda Boulevard, 1623
washingtonareafuelfund.org, United States, Colorado, Longmont, 80503, Harvard Street, 1434
lnrothberg.com, United States, Rhode Island, None, 02818, Cedar Avenue, 550
seanzmortgage.com, United States, Florida, Orlando, 32803, Hampton Avenue, 1118
redrockconsultants.co.uk, Canada, Nova Scotia, Dartmouth, B3A 3H8, Graham Street, 21
www.spettro.net, United Kingdom, England, City of Nottingham, NG7 1NQ, Derby Road, 200
www.youthchallengesports.com, United States, Kentucky, None, 41042, Sharon Drive, 800
urbanacres.com, United States, Kentucky, Lexington, 40502, Holiday Road, 250
azizisearch.com, United States, Wyoming, Sheridan, 82801, Coffeen Avenue, 1309
www.channell.com, United States, Texas, None, 75087, Justin Road, 1700
heritagelifestyledoors.com, United States, Colorado, Denver, 80212, West 38th Avenue, 4300
fccmwc.org, United States, Oklahoma, None, 73130, East Reno Avenue, 11950
stgcom.com, United States, Ohio, None, 44408, Wardingley Avenue, 1401
betterratemortgage.com, United States, Florida, Orlando, 32803, Hampton Avenue, 1118
classicgardens.com, United States, North Carolina, None, 27013, Carson Road, 1855
kabi.co.uk, United States, Missouri, None, 63376, Titan Court, 19
abmechanical.com, United States, California, Livermore, 94550, Railroad Avenue, 2252
clovispointsolutions.com, United States, Virginia, Reston, 20191, Lake Chapel Lane, 11169
www.seniorvillagerehab.com, United States, Louisiana, None, 70570, Harry Guilbeau Road, 315
edch.org.uk, United Kingdom, England, Southampton, SO16 9NT, Seafield Road, 26
ipanex.com, United States, Arizona, Chandler, 85225, North Amber Street, None
www.colts.com, United States, Indiana, Indianapolis, 46254, West 56th Street, 7001
www.billingssecuritycameras.com, United States, Virginia, None, 24251, Broadwater Avenue, 230
rossmoncure.com, United States, Illinois, Carbondale, 62901, North Washington Street, 726
airspaceconsulting.com, United States, California, Carlsbad, 92011, Palomar Airport Road, 2100
santaclarajumpers.com, United States, Virginia, Petersburg, 23803, Walsh Avenue, 2116
tetonthaivillage.com, United States, Wyoming, None, 83025, Granite Loop Road, 7342
www.nationalforests.org, United States, Montana, Missoula, 59801, Fort Missoula Road, None
malonesedinburgh.com, United Kingdom, Alba / Scotland, City of Edinburgh, EH3 8DT, Morrison Street, 242
grablerealestate.com, United States, Texas, Fort Worth, 76116, Camp Bowie Boulevard, 6387
hvac-tech.com, United States, Illinois, Chicago, 60629, South Kolin Avenue, 4500-4532
www.mvfglobal.com, United States, Texas, Austin, 78704, South Congress Avenue, 220
recruitmentmarketinginternational.com, United Kingdom, England, London, HA4 7AT, King Edwards Road, None
www.devact.com, United States, North Carolina, Charlotte, 28207, Queens Road, 438
www.hennejewelers.com, United States, Pennsylvania, Pittsburgh, 15232, Bellefonte Street, 739
albeeappliances.com, United States, California, Los Angeles, 90048, Wilshire Boulevard, 6305
centerlinelogistics.com, United States, Washington, Seattle, 98126, Southwest Spokane Street, None
billingssecuritycameras.com, United States, Virginia, None, 24251, Broadwater Avenue, 230
youthchallengesports.com, United States, Kentucky, None, 41042, Sharon Drive, 800
crystalcoastnc.org, United States, North Carolina, None, 28557, Arendell Street, 3409
flstatewideinsurance.com, United States, Florida, Fort Lauderdale, 33334, East Oakland Park Boulevard, 2755
worldoffootball.com, United Kingdom, England, Norwich, NR4 6UE, Newmarket Road, 10
healys.com, United States, Pennsylvania, Meadville, 16335, Chancery Lane, 1021
wjec.co.uk, United States, Massachusetts, None, 02642, Western Avenue, 245
praestoconsulting.com, United States, Pennsylvania, Pittsburgh, 15213, Bayard Street, 4425
kleinwoodvision.com, United States, Texas, None, 77379, Louetta Road, 7312
aaronsantosdentistry.com, United States, California, None, 95032, South Bascom Avenue, 14529
dreng.com, United States, Texas, None, 75002, Desoto Court, None
www.hcpautomotive.com, United States, Illinois, Springfield, 62702, Brighton Road, 39
pixelboost.co.uk, United Kingdom, Alba / Scotland, None, KY7 4DT, Queen Margaret Drive, 109
screeninguk.com, United Kingdom, England, London, NW1 8JJ, Princess Road, 17
pfsc.co.uk, United Kingdom, Alba / Scotland, City of Edinburgh, EH6 8NT, Smith's Place, 19
snaresbrookprep.org, United Kingdom, England, London, E18 2EA, Woodford Road, 75
mse-uk.com, United Kingdom, England, None, B45 8NE, Hewell Road, 26
wtxfoodbank.org, United States, Texas, Odessa, 79761, South Pagewood Avenue, 411
andersonhoare.co.uk, United Kingdom, England, London, SW1W 9LN, Eccleston Place, 25
www.demaeng.com, United States, Missouri, Crestwood, 63122, Big Bend Road, 10020
www.virginiaheadwaters.org, United States, Alabama, None, 36907, Greenville Avenue, 617
athensgop.com, United States, Georgia, Athens-Clarke County Unified Government, 30606, Old Epps Bridge Road, 236
ktmtalk.com, United States, North Carolina, Elizabeth City, 27909, Factory Street, 500
pusd.us, United States, California, Pasadena, 91109, South Hudson Avenue, 351
poulsbofamilydentistry.com, United States, Washington, None, 98370, Powder Hill Place Northeast, 19255
ewingbuildingandcabinets.com, United States, Virginia, Blacksburg, 24063, South Main Street, 1701
www.redkitebaby.co.uk, United Kingdom, England, Babergh, CO10 0TG, Lavenham Road, None
dynamichealthcarolinas.com, United States, North Carolina, Charlotte, 28209, South Boulevard, 4705
usmrc.org, United States, Rhode Island, None, 02842, Aquidneck Avenue, 344
www.mse-uk.com, United Kingdom, England, None, B45 8NE, Hewell Road, 26
mulchandsod.com, United States, Florida, None, 32703, Apopka Boulevard, 2773
henges.com, United States, Minnesota, None, 55422, Shoreline Drive, 4133
www.mvfglobal.com, United States, Texas, Austin, 78704, Barton Springs Road, 801
demaeng.com, United States, Missouri, Crestwood, 63122, Big Bend Road, 10020
sardisbaptist.com, United States, North Carolina, None, 28079, Unionville Indian Trail Road West, 3602
www.jovoto.com, United States, New York, City of New York, 10016, Madison Avenue, 261
www.mirabellabeautysalon.co.uk, United Kingdom, England, Chelmsford, CM2 0LD, Moulsham Street, 154
redkitebaby.co.uk, United Kingdom, England, Babergh, CO10 0TG, Lavenham Road, None
foamtechniques.co.uk, United Kingdom, England, None, NN8 6GR, Booth Drive, 39
www.quantumhelicopters.com, United States, Arizona, Chandler, 85286, South Heliport Way, None
www.stmindustries.com, United States, Florida, None, 33624, North Trask Street, 9524
camphillvillage.org, United States, New York, None, 12516, Camp Hill Road, 84
www.rossmoncure.com, United States, Illinois, Carbondale, 62901, North Washington Street, 726
www.fairmans.com, United States, Pennsylvania, None, 19380, West Gay Street, 43
channell.com, United States, Texas, None, 75087, Justin Road, 1700
www.casaallegra.org, United States, Tennessee, None, 38555, Mitchell Boulevard, 35
www.dreng.com, United States, Texas, None, 75002, Desoto Court, None
embracecomputers.com, United States, Pennsylvania, Bristol Township, 19055, Junewood Drive, 200
walternewbury.co.uk, United Kingdom, England, None, ME7 5NQ, Rainham Road, 123
www.tkimages.com, United States, California, San Jose, 95110, Asbury Street, 241
thevetcenter.com, United States, Florida, Gainesville, 32653, Northwest 43rd Street, 5200
thesafetysupplycompany.co.uk, United Kingdom, England, London, NW3 5HT, Finchley Road, None
outoftownclothing.com, United States, North Carolina, None, 27350, Market Drive, 1750
www.emilyseventsaz.com, United States, Arizona, Scottsdale, 85260, East Redfield Road, 7625
newleafsc.com, United States, New Jersey, Camden, 08102, North Front Street, 201
casepaper.com, United States, New York, City of New York, 10026, West 116th Street, None
urbanacres.com, United States, Iowa, None, 52333, Mehaffey Bridge Road Northeast, None
carteraccountants.co.uk, United Kingdom, England, None, LE19 4SA, Warren Park Way, None
thecreditpeople.com, United States, South Dakota, None, 57001, Park Avenue, None
marysvillelib.org, United States, Wisconsin, None, 54011, South Plum Street, 231
folsomshope.org, United States, California, Folsom, 95630, Blue Ravine Road, 1100
perryridgelandfill.com, United States, Illinois, None, 62832, Sacred Heart Road, 6305
corpimprints.com, United States, Colorado, Denver, 80223, Lipan Street, 55
wyandottewinery.com, United States, Ohio, Columbus, 43230, Wyandotte Drive, 4640
emilyseventsaz.com, United States, Arizona, Scottsdale, 85260, East Redfield Road, 7625
srsbuildingproducts.com, United States, Arkansas, None, 72022, I-30 Frontage Road, 22576
blueoceanvillas.com, United States, Mississippi, None, 39564, Saratoga Drive, 234
www.bobosremi.com, United States, California, None, 90620, Walnut Avenue, 7372
royersford.com, United States, Pennsylvania, None, 16346, Township Line Road, 835
multilayer.com, United States, Texas, Irving, 75061, Conflans Road, 3835
joylux.com, United States, Washington, Seattle, 98122, Lakeside Avenue, 120
www.oncuestaging.net, United States, California, None, 90201, Hartle Street, None
abetterbugman.com, United States, Georgia, None, 30132, Emily Drive, 7212
katerisyracuse.com, United States, New York, City of Syracuse, 13204, Gifford Street, 432
www.specialtybolt.com, United States, Massachusetts, None, 01001, Bowles Road, 235
www.wyandottewinery.com, United States, Ohio, Columbus, 43230, Wyandotte Drive, 4640
itpro.tv, United States, Florida, None, 32607, Northwest 4th Boulevard, 7525
www.deekay.co.uk, Australia, Queensland, None, None, Grovenor Street, None
www.southamptoncruisecentre.com, Canada, Ontario, Old Toronto, M4L 1Y9, Highfield Road, 298
njng.com, United States, California, Salinas, 93901, Vassar Avenue, 775
ohnstadlaw.com, United States, North Dakota, None, 58122, Sheyenne Street, 444
www.inetmotors.com, United States, Texas, None, 75234, Villa Creek Drive, 2695
enhancedlandscape.com, United States, Louisiana, None, 70506, Cameron Street, 5410
warmemorialconservation.com, United Kingdom, Cymru / Wales, None, CF72 9BD, Cowbridge Road, None
stationinnpa.com, United States, Ohio, None, 44017, Front Street, 827
akstoddart.co.uk., United Kingdom, Alba / Scotland, None, EH52 5BU, Dunnet Way, None
midlandsgynaecology.co.uk, United Kingdom, England, Bristol, BS4 2HT, Somerset Road, 22
truesmilesmiami.com, United States, Florida, Kendall, 33156, Southwest 92nd Street, 8500
hscpoly.com, United States, Michigan, None, 48623, Geddes Road, 12334
naceyes.com, United States, North Dakota, Fargo, 58102, North University Drive, 3208
econic.co, United States, Pennsylvania, None, 17368, North 7th Street, 201
cre8group.com, United States, Florida, Tampa, 33611, West Ballast Point Boulevard, 3107
classappliance.com, United States, Florida, None, 33770, Clearwater Largo Road, 733
thekeirweimerteam.com, United States, New York, None, 12946, Saranac Avenue, 2284
thecharlescompany.com, United States, Arizona, None, 85248, East Riggs Road, 9666
weberortho.com, United States, Arizona, Phoenix, 85029, West Willow Avenue, 210
floridaorchestra.org, Canada, British Columbia, Squamish, V8B 0A8, Second Avenue, 244
barefootinternational.com, United States, Wisconsin, Milwaukee, 53212, North Richards Street, 3879
premierdentalcareofbuckhead.com, United States, North Carolina, None, 28655, Piedmont Road, 3580
enidmad.org, United States, Maryland, None, 21632, North University Avenue, 129
wildlifeart.org, United States, Wyoming, Jackson, 83001, Rungius Road, 2820
whitehallcamp.org, United States, Pennsylvania, None, 16373, Whitehall Road, 580
kiddsmith.com, United States, California, Oceanside, 92054, Riviera Drive, 117
imajica.com, United Kingdom, Alba / Scotland, City of Edinburgh, EH2 4NF, Albyn Place, 10
depinna.com, United Kingdom, England, None, PR6 8LY, Birchin Lane, None
treehill.org, United States, Florida, Jacksonville, 32211, Lone Star Road, 7152
cgoecology.com, United States, New York, None, 12563, Fairfield Drive, 19
indilab.com, United States, Iowa, None, 50433, Franklin Avenue, 10367
tripeek.com, United States, Maine, None, 04982, Mountain View Road, 12
milwaukee-montessori.org, United States, Wisconsin, Milwaukee, 53226, North 95th Street, 345
quantumhelicopters.com, United States, Arizona, Chandler, 85286, South Heliport Way, None
yanceyworks.com, United States, California, Roseville, 95661, Reserve Drive, 919
neutresalon.com, United States, Delaware, Wilmington, 19801, South Market Street, 101
rbroadconcrete.com, United States, New York, None, 14004, Three Rod Road, 1593
www.optimumcarehomecare.com, United States, Virginia, None, 22025, Fettler Park Drive, 3683
umbrawindowtinting.com, United States, Illinois, None, 60068, West Higgins Road, 811
www.mattressplus.tv, United States, Louisiana, Shreveport, 71105, Youree Drive, 3964
vermes.com, Việt Nam, None, Thành phố Hà Nội, 11415, Phố Hai Bà Trưng, 15
epcarlson.co.uk, United Kingdom, England, Fylde, PR4 3PF, Preston New Road, None
www.elbitamerica.com, United States, Virginia, None, 23061, Plantation Road, 7635
www.enidmad.org, United States, Maryland, None, 21632, North University Avenue, 129
chcseia.com, United States, Massachusetts, Lowell, 01854, Broadway Street, 951
bestnapleshomesearch.com, United States, Pennsylvania, None, 16350, Pine Ridge Road, 1495
www.merrickgroupinc.com, United States, Pennsylvania, None, 18202, Unico Drive, 100
www.wjec.co.uk, United States, Massachusetts, None, 02642, Western Avenue, 245
airservicesco.com, United States, Illinois, None, 60007, Seegers Avenue, 211
platformq.com, United States, New Hampshire, Manchester, 03103, Crescent Road, 100
www.evorait.com, United States, New York, None, 11021, Cuttermill Road, 98
lenzieunion.org, United Kingdom, Alba / Scotland, None, G64 2LS, Kirkintilloch Road, None
www.dizzysquirrel.com, United Kingdom, England, Harborough, LE17 4NU, Dunley Way, None
www.390shanghai.com, United States, Virginia, None, 22539, Friar Street, 86
bayareaturf.net, United States, California, Livermore, 94551, Nissen Drive, 2310
www.techmd.com, United States, California, Santa Ana, 92704, South Susan Street, 3750
polarisagency.com, Canada, Ontario, Brockville, K6V 0B8, St Andrew Street, 20
fresnogreekfest.com, United States, California, Fresno, 93703, North Orchard Street, 2219
maguirechevroletcadillac.com, United States, New York, City of Ithaca, 14850, Cinema Drive, 35
toplinetireandauto.com, Canada, British Columbia, Squamish, V8B 0R5, Commercial Way, 3371
www.mulchandsod.com, United States, Florida, None, 32703, Apopka Boulevard, 2773
www.crownpaintinginc.com, United States, Pennsylvania, Chestnuthill Township, 18330, Galaxy Way, 641
oakleyproperty.com, United Kingdom, England, London, SW1A 1NP, St. James's Place, 40
